Name,Starts,Reviews,Type,Addr,Open,Close,Phone
Bluestone Lane 330 Madison Avenue,3.9,(184),Coffee shop,330 Madison Ave,Open, ⋅ Closes 6 PM,
CMIT Solutions of Wall Street and Grand Central,4.9,(102),Computer consultant,330 Madison Ave,Open, ⋅ Closes 8 PM,(212) 923-2648
JLL,3.9,(28),Commercial real estate agency,330 Madison Ave 4th floor,Open, ⋅ Closes 5 PM,(212) 812-5700
Citi,2.3,(22),Bank,330 Madison Ave,Open, ⋅ Closes 5 PM,(646) 248-6728
Eton Midtown Manhattan,4.5,(10),Men's clothing store,330 Madison Ave,Open, ⋅ Closes 7 PM,
American Century Investments,3.1,(7),Investment service,330 Madison Ave,Open, ⋅ Closes 5 PM,(866) 628-8826
Midtown Security Inc,4.4,(7),Security guard service,330 Madison Ave # 2,Open, ⋅ Closes 4 PM,
"RFA - Richard Fleischman and Associates, Inc.",4.1,(7),Computer consultant,330 Madison Ave # 1900,Open 24 hours,,(212) 867-4600
Santander Bank Branch,2.5,(6),Bank,330 Madison Ave,Open, ⋅ Closes 5 PM,(212) 656-9963
Guggenheim Partners,4.2,(5),Financial institution,330 Madison Ave,Open 24 hours,,(212) 739-0700
Nelson Mullins Riley & Scarborough LLP,5.0,(5),Law firm,330 Madison Ave 27th Floor,Open, ⋅ Closes 5:30 PM,(212) 413-9000
330 Madison Avenue,5.0,(3),Business center,330 Madison Ave,Open 24 hours,,
Daversa Partners,1.0,(2),Employment agency,330 Madison Ave,Open now,,(646) 490-4604
L'Forma,5.0,(2),Painting,330 Madison Ave,Open, ⋅ Closes 7 PM,
Brendan Maddigan,5.0,(2),Commercial real estate agency,330 Madison Ave 4th floor,Open 24 hours,,
Exome Asset Management LLC,5.0,(1),Investment company,330 Madison Ave 30th Floor,Open, ⋅ Closes 8 PM,
Remedy Health Media LLC,4.0,(1),Media company,330 Madison Ave 35th floor,Open, ⋅ Closes 5 PM,
Vornado Realty Trust,5.0,(1),Real estate agency,330 Madison Ave #200,Open now,,(212) 465-4402
Building Maintenance Services LLC,1.0,(1),Janitorial service,330 Madison Ave,Open now,,
Gulf International Bank,1.0,(1),Bank,330 Madison Ave #37,Open, ⋅ Closes 12 AM,(212) 922-2300
Munich Re Life US,5.0,(1),Insurance company,330 Madison Ave,Open now,,(646) 940-8600
Altman Solon,5.0,(1),Business management consultant,"330 Madison Avenue, 6th Floor, 330 Madison Ave",Open, ⋅ Closes 6 PM,
Allspring Global Investments,1.0,(1),Financial institution,330 Madison Ave 35th floor,Open, ⋅ Closes 5 PM,
Tao Investment Group,5.0,(1),Investment service,330 Madison Ave,,,
Citi ATM,4.0,(1),ATM,330 Madison Ave,Open 24 hours,,(800) 627-3999
LaSalle Investment Management,,,Investment service,330 Madison Ave,Open, ⋅ Closes 6 PM,(212) 812-5700
The Granola Bar,,,Breakfast,330 Madison Ave #1900,,,
HG Vora Capital Management,,,Investment company,330 Madison Ave,,,
GS Gamma,,,Investment service,330 Madison Ave,Open, ⋅ Closes 6 PM,
Breckeridge Group Inc,,,Employment agency,330 Madison Ave,,,
Santander Bank ATM,,,ATM,330 Madison Ave,Open 24 hours,,(877) 768-2265
Investment Law Group of Davis Gillett Mottern & Sims LLC,,,Law firm,330 Madison Ave,,,
Glencore Limited,,,Financial institution,330 Madison Ave,,,(646) 949-2500
Semperon Systems,,,Computer service,330 Madison Ave,,,
Chile Business,,,Business management consultant,330 Madison Ave,,,
Real Source Capital,,,Finance broker,330 Madison Ave,,,
Broadhaven Capital Partners,,,Financial institution,330 Madison Ave,Open now,,
The Point LIC,,,Real estate agency,330 Madison Ave,Open now,,
Unity Construction,,,General contractor,330 Madison Ave,Open now,,
The Office Advisor NYC,,,Commercial real estate agency,330 Madison Ave,Open, ⋅ Closes 5 PM,
RBP Institute,,,,330 Madison Ave,,,
Arc Partners Inc,,,Business management consultant,330 Madison Ave,,,
Charter Oak Partners,,,Employment agency,330 Madison Ave # 982,,,
Hua Nan Commercial Bank,,,Bank,330 Madison Ave #38,Open now,,(212) 286-1999
Lifetrust,,,Financial consultant,330 Madison Ave # 6,Open now,,
Kule Christopher,,,Attorney,330 Madison Ave # 29,Open now,,
Meag New York Corporation,,,Insurance agency,330 Madison Ave,,,
Silva Raul R MD,,,Doctor,330 Madison Ave # 965,,,
Siberian Energy Group Inc,,,Government,330 Madison Ave # 6,Open now,,
Holman Consulting Inc,,,Consultant,330 Madison Ave #9,,,
Ascentador,,,Business management consultant,330 Madison Ave #9,,,
Boorady Roy J MD,,,Doctor,330 Madison Ave #9,,,
Vision Consulting USA Inc,,,Consultant,330 Madison Ave #9,,,(212) 983-7250
Park Agency Inc,,,Financial planner,330 Madison Ave #280,Open now,,
Joseph Kennedy Enterprise,,,Medical clinic,330 Madison Ave #280,Open now,,
Right Associates,,,Recruiter,330 Madison Ave # 14,,,
"Madryn Asset Management, LP",,,Private equity firm,330 Madison Ave 33rd Floor,Open now,,
Sinon Group,,,Employment agency,330 Madison Ave #9,,,
Pickens & Co LLC,,,Employment agency,330 Madison Ave # 664,,,
Noble Music Inc,,,Recording studio,330 Madison Ave #941,,,(646) 221-9000
David E. Montgomery,,,Contractor,330 Madison Ave # 6,Open now,,
"Fluellen Associates, Inc.",,,Consultant,330 Madison Ave #6th,Open now,,
OPEN Impact Real Estate LLC,,,Commercial real estate agency,330 Madison Ave 5th Floor,Open, ⋅ Closes 5 PM,
Cedar Petrochemicals,,,Logistics service,330 Madison Ave 9th floor,,,
VIictorian Government Business Office in New York,,,State government office,330 Madison Ave,,,
SPR Realty,,,Real estate agency,330 Madison Ave 4th floor,,,
CORE Interactive,,,Internet marketing service,330 Madison Ave,Open, ⋅ Closes 6 PM,
